{"cameraMode":{"drawMode":0,"name":"Shaded","section":"Shading Mode"},"sceneLighting":true,"audioPlay":false,"sceneViewState":{"m_AlwaysRefresh":false,"showFog":true,"showSkybox":true,"showFlares":true,"showImageEffects":true,"showParticleSystems":true,"showVisualEffectGraphs":true,"m_FxEnabled":true},"in2DMode":false,"pivot":{"x":0.44330090284347536,"y":1.5634406805038453,"z":73.77477264404297},"rotation":{"x":0.18081465363502503,"y":0.0017673284746706486,"z":-0.00032323916093446314,"w":0.9835353493690491},"size":1.7320507764816285,"orthographic":false}